Order ID,Product ID,Customer ID,Product Name,Category,Region,Date of Sale,Quantity Sold,Unit Price,Discount,Shipping Cost,Payment Method,Customer Name,Customer Email,Customer Address
1001,P123,C456,UltraBoost Running Shoes,Shoes,North America,15-12-2023,2,180,0.1,10,Credit Card,John Smith,johnsmith@email.com,"123 Main St, Anytown, CA 12345"
1002,P456,C789,iPhone 15 Pro,Electronics,Europe,03-01-2024,1,1299,0,15,PayPal,Emily Davis,emilydavis@email.com,"456 Elm St, Otherville, NY 54321"
1003,P789,C456,Levi's 501 Jeans,Clothing,Asia,28-02-2024,3,59.99,0.2,5,Debit Card,John Smith,johnsmith@email.com,"123 Main St, Anytown, CA 12345"
1004,P123,C101,UltraBoost Running Shoes,Shoes,South America,10-03-2024,1,180,0,8,Credit Card,Sarah Johnson,sarahjohnson@email.com,"789 Oak St, New City, TX 75024"
1005,P234,C789,Sony WH-1000XM5 Headphones,Electronics,North America,22-04-2024,1,349.99,0.15,12,PayPal,Emily Davis,emilydavis@email.com,"456 Elm St, Otherville, NY 54321"
1006,P456,C101,iPhone 15 Pro,Electronics,Asia,18-05-2024,2,1299,0.05,20,Debit Card,Sarah Johnson,sarahjohnson@email.com,"789 Oak St, New City, TX 75024"
